{"cameraMode":{"drawMode":0,"name":"Shaded","section":"Shading Mode"},"sceneLighting":false,"audioPlay":false,"sceneViewState":{"showFog":true,"showMaterialUpdate":false,"showSkybox":true,"showFlares":true,"showImageEffects":true,"showParticleSystems":true},"in2DMode":false,"pivot":{"x":4.6983747482299809,"y":-2.2053751945495607,"z":2.4407825469970705},"rotation":{"x":0.1474049687385559,"y":-0.08534539490938187,"z":0.012757637538015843,"w":0.9853150248527527},"size":1.290814995765686,"orthographic":false}