{"cameraMode":{"drawMode":0,"name":"Shaded","section":"Shading Mode"},"sceneLighting":false,"audioPlay":false,"sceneViewState":{"showFog":true,"showMaterialUpdate":false,"showSkybox":true,"showFlares":true,"showImageEffects":true,"showParticleSystems":true},"in2DMode":false,"pivot":{"x":4.958913803100586,"y":-1.9792561531066895,"z":2.4407825469970705},"rotation":{"x":0.1045958399772644,"y":0.06320851296186447,"z":-0.006662061437964439,"w":0.9924871921539307},"size":2.5136122703552248,"orthographic":false}