{"cameraMode":{"drawMode":0,"name":"Shaded","section":"Shading Mode"},"sceneLighting":true,"audioPlay":false,"sceneViewState":{"showFog":true,"showMaterialUpdate":false,"showSkybox":true,"showFlares":true,"showImageEffects":true,"showParticleSystems":true},"in2DMode":false,"pivot":{"x":10.31368637084961,"y":3.873558521270752,"z":8.66408920288086},"rotation":{"x":0.1474049687385559,"y":-0.08534539490938187,"z":0.012757637538015843,"w":0.9853150248527527},"size":21.638288497924806,"orthographic":false}