{"cameraMode":{"drawMode":0,"name":"Shaded","section":"Shading Mode"},"sceneLighting":false,"audioPlay":false,"sceneViewState":{"showFog":true,"showMaterialUpdate":false,"showSkybox":true,"showFlares":true,"showImageEffects":true,"showParticleSystems":true},"in2DMode":false,"pivot":{"x":0.0010000020265579224,"y":0.1204715371131897,"z":0.0025349557399749758},"rotation":{"x":0.05746309831738472,"y":0.4520377218723297,"z":-0.02919829823076725,"w":0.8896757960319519},"size":1.2908154726028443,"orthographic":false}