{"cameraMode":{"drawMode":0,"name":"Shaded","section":"Shading Mode"},"sceneLighting":false,"audioPlay":false,"sceneViewState":{"showFog":true,"showMaterialUpdate":false,"showSkybox":true,"showFlares":true,"showImageEffects":true,"showParticleSystems":true},"in2DMode":false,"pivot":{"x":4.6983747482299809,"y":-2.2053751945495607,"z":2.4407825469970705},"rotation":{"x":0.11995024234056473,"y":0.8788433074951172,"z":-0.3010267913341522,"w":0.35020217299461367},"size":1.290814995765686,"orthographic":false}